74001,ALL-DCBWSA4
AFRAMEINSERT,ALL-AFRAMEINSERT
AFRAMEMETAL,ALL-AFRAMEMETAL
AFRAMESGEN,ALL-AFRAMESGEN
ART,ALL-ART
ASF,ALL-ASF
BADGE,ALL-BADGE
BANNER,ALL-BANNER
BANNERECON,ALL-BANNERECON
BANNERHD,ALL-BANNERHD
BANNERMESH,ALL-BANNERMESH
BANNERS,ALL-BANNERS
BCARD,ALL-BCARD
BCARDBVC,ALL-BCARDBVC
BCARDEVC,ALL-BCARDEVC
BCARDPVC,ALL-BCARDPVC
BCARDS,ALL-BCARDS
BCARDSPEC,ALL-BCARDSPEC
BCARDSVC,ALL-BCARDSVC
BCARDTVC,ALL-BCARDTVC
BCARDWVC,ALL-BCARDWVC
BCARDXVC,ALL-BCARDXVC
BOOK,ALL-BOOK
BOOKLET,ALL-BOOKLET
BOOKLETS,ALL-BOOKLETS
BOOKMARK,ALL-BOOKMARK
BOOKMARKS,ALL-BOOKMARKS
BOOKS,ALL-BOOKS
BRAGMAT,ALL-BRAGMAT
BRAGMATS,ALL-BRAGMATS
BROCHURE,ALL-BROCHURE
BROCHURES,ALL-BROCHURES
CALENDAR,ALL-CALENDAR
CALENDARS,ALL-CALENDARS
CARBONBOOK,ALL-CARBONBOOK
CARBONBOOKS,ALL-CARBONBOOKS
CARD,ALL-CARD
CARDS,ALL-CARDS
CDBURN,ALL-CDBURN
CDSTOCK,ALL-CDSTOCK
CORFSIGNBULK,ALL-CORFSIGNBULK
CORFSIGNHD,ALL-CORFSIGNHD
CUT,ALL-CUT
CUTS,ALL-CUTS
DEPPRINT,ALL-DEPPRINT
DEPSTAMP,ALL-DEPSTAMP
DEPWEB,ALL-DEPWEB
DISCCASE,ALL-DISCCASE
DISCCASES,ALL-DISCCASES
DISCOUNT,ALL-DISCOUNT
DISCOUNT,ALL-DISCOUNT
DISCPRINT,ALL-DISCPRINT
DISCPRINTS,ALL-DISCPRINTS
DISCSLEEVE,ALL-DISCSLEEVE
DISCSLEEVES,ALL-DISCSLEEVES
DRILL,ALL-DRILL
DRILLING,ALL-DRILLING
DVDBURN,ALL-DVDBURN
DVDSTOCK,ALL-DVDSTOCK
EMAIL,ALL-EMAIL
ENVELOPE,ALL-ENVELOPE
ENVELOPES,ALL-ENVELOPES
ENVINS,ALL-ENVINS
EXHIBITION,ALL-EXHIBITION
FABRIC,ALL-FABRIC
FABRICCOM,ALL-FABRICCOM
FABRICFUN,ALL-FABRICFUN
FABRICVINYL,ALL-FABRICVINYL
FLAG,ALL-FLAG
FLAGS,ALL-FLAGS
FLDDL,ALL-FLDDL
FLDHF,ALL-FLDHF
FLYER,ALL-FLYER
FLYERS,ALL-FLYERS
FOLDING,ALL-FOLDING
FRAMING,ALL-FRAMING
FREAD,ALL-FREAD
GCCUSTOM,ALL-GCCUSTOM
GROWCHART,ALL-GROWCHART
GROWCHARTS,ALL-GROWCHARTS
GUILLP,ALL-GUILLP
GUILLS,ALL-GUILLS
HANDLING,ALL-HANDLING
HOLE,ALL-HOLE
HOLES,ALL-HOLES
IMAGE,ALL-IMAGE
INVITATION,ALL-INVITATION
INVITATIONS,ALL-INVITATIONS
INVITE,ALL-INVITE
INVITES,ALL-INVITES
LABEL,ALL-LABEL
LABELS,ALL-LABELS
LABOUR,ALL-LABOUR
LAMA0,ALL-LAMA0
LAMA1,ALL-LAMA1
LAMA2,ALL-LAMA2
LAMA3,ALL-LAMA3
LAMA4,ALL-LAMA4
LAMB1,ALL-LAMB1
LAMBC,ALL-LAMBC
LAML,ALL-LAML
LAMS,ALL-LAMS
LAYOUT,ALL-LAYOUT
LHEAD,ALL-LHEAD
LHEADS,ALL-LHEADS
MAGNET,ALL-MAGNET
MAGNETS,ALL-MAGNETS
MAILMERGE,ALL-MAILMERGE
MERGE,ALL-MERGE
MOUNTING,ALL-MOUNTING
NAMEBADGE,ALL-NAMEBADGE
NEWSLETTER,ALL-NEWSLETTER
NEWSLETTERS,ALL-NEWSLETTERS
PAD,ALL-PAD
PADS,ALL-PADS
PERF,ALL-PERF
PHOTOGRAPHY,ALL-PHOTOGRAPHY
POSTER,ALL-POSTER
POSTERS,ALL-POSTERS
PREP,ALL-PREP
PRESFILE,ALL-PRESFILE
PRESFILES,ALL-PRESFILES
PROMO,ALL-PROMO
PUBANNER,ALL-PUBANNER
PUBANNERS,ALL-PUBANNERS
RAFFLEBOOK,ALL-RAFFLEBOOK
RAFFLEBOOKS,ALL-RAFFLEBOOKS
SCANNING,ALL-SCANNING
SCANS,ALL-SCANS
SCORING,ALL-SCORING
SDLSTITCH,ALL-SDLSTITCH
SETUP,ALL-SETUP
SHIPPING,ALL-SHIPPING
SIGN,ALL-SIGN
SIGNAGE,ALL-SIGNAGE
SIGNRIGID,ALL-SIGNRIGID
SIGNS,ALL-SIGNS
SIGNVEHICLE,ALL-SIGNVEHICLE
SIGNVINYL,ALL-SIGNVINYL
STAMP,ALL-STAMP
STAMPS,ALL-STAMPS
STAPLE,ALL-STAPLE
STAPLEAUTO,ALL-STAPLEAUTO
STAPLEMAN,ALL-STAPLEMAN
STAPLES,ALL-STAPLES
STAPLING,ALL-STAPLING
STICKER,ALL-STICKER
STICKERBMPR,ALL-STICKERBMPR
STICKERCOMM,ALL-STICKERCOMM
STICKERPAPER,ALL-STICKERPAPER
STICKERS,ALL-STICKERS
STICKERVINYL,ALL-STICKERVINYL
TRIM,ALL-TRIM
TRIMMING,ALL-TRIMMING
VDMERGE,ALL-VDMERGE
VINYLCUTLET,ALL-VINYLCUTLET
WCOMP,ALL-WCOMP
WCOMPS,ALL-WCOMPS
WEB,ALL-WEB
WEBDEVEL,ALL-WEBDEVEL
WEBEDIT,ALL-WEBEDIT
WEBHOST,ALL-WEBHOST
WEBHOSTING,ALL-WEBHOSTING
WEBMAINT,ALL-WEBMAINT
XBANNER,ALL-XBANNER
XBANNERS,ALL-XBANNERS
